{"feature_data_min": [94277.61, 95199.0, 93377.0, 94733.68, 5741.83306, 94733.68, 94733.68, 94733.68, 94733.68, 94733.68, 94733.68, 0.0, 48.47057153889598, 380.0], "feature_data_max": [111696.22, 111980.0, 109177.37, 111696.21, 45531.040345, 109084.92000000001, 108401.90800000001, 106687.514, 108773.73895819676, 107830.47684101439, 105756.64031280528, 3235.6025692778417, 100.0, 410.0], "target_close_data_min": 94733.68, "target_close_data_max": 111696.21}